p1x,p1y,p1z,p2x,p2y,p2z,p3x,p3y,p3z,p4x,p4y,p4z,p5x,p5y,p5z,p6x,p6y,p6z
0.0,0.0,0.0,1.9999999999999998,0.0,0.0,1.268692864398084,0.6820482925847123,0.0,1.9507411569827964,1.413355428186628,1.2246467991473535e-16,1.2194340213808808,2.0954037207713405,-4.930380657631324e-32,3.217696397208621,2.178755249559216,5.207477146175737e-16
0.0,0.0,0.0,1.9999999999999998,0.0,0.0,1.268692864398084,0.6820482925847123,0.0,1.9507136959440776,1.4133259838587344,-0.008973493313505202,1.2194065603421618,2.095374276443447,-0.008973493313505328,3.2176298353028288,2.178683880424223,-0.021750554401097584
0.0,0.0,0.0,1.9999999999999998,0.0,0.0,1.268692864398084,0.6820482925847123,0.0,1.9504249391995856,1.4130163725452896,-0.030447401622920256,1.21911780359767,2.095064665130002,-0.03044740162292038,3.216929927356132,2.177933423775846,-0.07380045231378382
0.0,0.0,0.0,1.9999999999999998,0.0,0.0,1.268692864398084,0.6820482925847123,0.0,1.9504249391995856,1.4130163725452896,-0.030447401622920256,1.2210947832627104,2.0953198882178947,0.01994541673343717,3.2161302514054153,2.1778301876277637,-0.0941840332079181
0.0,0.0,0.0,1.9999999999999998,0.0,0.0,1.268692864398084,0.6820482925847123,0.0,1.9504249391995856,1.4130163725452896,-0.030447401622920256,1.2210947832627104,2.0953198882178947,0.01994541673343717,3.2060091909147332,2.1756902446790876,-0.211690936410288
0.0,0.0,0.0,1.9999999999999998,0.0,0.0,1.268692864398084,0.6820482925847123,0.0,1.9504249391995856,1.4130163725452896,-0.030447401622920256,1.228613539642657,2.091828313768128,0.10446980233176326,3.195698485844961,2.183920998899811,-0.2449522229750549
0.0,0.0,0.0,1.9999999999999998,0.0,0.0,1.268692864398084,0.6820482925847123,0.0,1.9504249391995856,1.4130163725452896,-0.030447401622920256,1.228613539642657,2.091828313768128,0.10446980233176326,3.1714037643639763,2.181342469140981,-0.36195635336190224
0.0,0.0,0.0,1.9999999999999998,0.0,0.0,1.268692864398084,0.6820482925847123,0.0,1.9504249391995856,1.4130163725452896,-0.030447401622920256,1.228613539642657,2.091828313768128,0.10446980233176326,3.159278283246105,2.1780780280635383,-0.4104036137528063
0.0,0.0,0.0,1.9999999999999998,0.0,0.0,1.268692864398084,0.6820482925847123,0.0,1.9504249391995856,1.4130163725452896,-0.030447401622920256,1.2536564202571943,2.074415704824225,0.24715763124176898,3.1195059589947185,2.2131263643807593,-0.4594998895689556
0.0,0.0,0.0,1.9999999999999998,0.0,0.0,1.268692864398084,0.6820482925847123,0.0,1.9504249391995856,1.4130163725452896,-0.030447401622920256,1.290088236010108,2.0457242780808103,0.3740722452345675,3.0785185217472444,2.2497642689059827,-0.4976414664863441
0.0,0.0,0.0,1.9999999999999998,0.0,0.0,1.268692864398084,0.6820482925847123,0.0,1.9504249391995856,1.4130163725452896,-0.030447401622920256,1.3095628152175989,2.029751307412739,0.4266453221863082,3.0598025245492146,2.266632773229638,-0.5117299391197531
0.0,0.0,0.0,1.9999999999999998,0.0,0.0,1.268692864398084,0.6820482925847123,0.0,1.9504249391995856,1.4130163725452896,-0.030447401622920256,1.328010411409563,2.014373866795845,0.4705209803181126,3.043312829591943,2.2815577092646397,-0.5226307747028863
0.0,0.0,0.0,1.9999999999999998,0.0,0.0,1.268692864398084,0.6820482925847123,0.0,1.9504249391995856,1.4130163725452896,-0.030447401622920256,1.328010411409563,2.014373866795845,0.4705209803181126,2.9357611589884423,2.3040578790211583,-0.6832644012501408
0.0,0.0,0.0,1.9999999999999998,0.0,0.0,1.268692864398084,0.6820482925847123,0.0,1.9504249391995856,1.4130163725452896,-0.030447401622920256,1.3411573512704402,2.0033004197185447,0.4990407946116734,2.920737899145733,2.317926912374711,-0.68668070004585
0.0,0.0,0.0,1.9999999999999998,0.0,0.0,1.268692864398084,0.6820482925847123,0.0,1.9504249391995856,1.4130163725452896,-0.030447401622920256,1.3927982365847622,1.9591228304068946,0.5947087366439692,2.867394629145224,2.36740292328072,-0.6932636407037033
0.0,0.0,0.0,1.9999999999999998,0.0,0.0,1.268692864398084,0.6820482925847123,0.0,1.9504249391995856,1.4130163725452896,-0.030447401622920256,1.3927982365847622,1.9591228304068946,0.5947087366439692,2.803703190200485,2.378144275981648,-0.7594582545395628
0.0,0.0,0.0,1.9999999999999998,0.0,0.0,1.268692864398084,0.6820482925847123,0.0,1.947496955231491,1.4098769239284166,-0.09741914423860765,1.4184393568662643,1.9866158018438995,0.5250519991189042,2.7654480821068588,2.3371263102067146,-0.9111617306765438
0.0,0.0,0.0,1.9999999999999998,0.0,0.0,1.268692864398084,0.6820482925847123,0.0,1.947496955231491,1.4098769239284166,-0.09741914423860765,1.4184393568662643,1.9866158018438995,0.5250519991189042,2.6291567262301525,2.337808314007,-1.0276318936684075
0.0,0.0,0.0,1.9999999999999998,0.0,0.0,1.268692864398084,0.6820482925847123,0.0,1.947496955231491,1.4098769239284166,-0.09741914423860765,1.5004642854414232,1.9247106918397123,0.6340916099944537,2.543216654808509,2.4218523187141248,-0.9985497158968134
0.0,0.0,0.0,1.9999999999999998,0.0,0.0,1.268692864398084,0.6820482925847123,0.0,1.9384311118278061,1.4001563278306839,-0.18913362906933148,1.5373758461538556,1.9642880766505575,0.532607352064917,2.4738965162038986,2.3475257460159478,-1.1925181283997375
0.0,0.0,0.0,1.9999999999999998,0.0,0.0,1.268692864398084,0.6820482925847123,0.0,1.9384311118278061,1.4001563278306839,-0.18913362906933148,1.5882566229759771,1.930155892292721,0.5831864399612557,2.4318273668249653,2.3926285578334827,-1.170240899209002
0.0,0.0,0.0,1.9999999999999998,0.0,0.0,1.268692864398084,0.6820482925847123,0.0,1.9384311118278061,1.4001563278306839,-0.18913362906933148,1.6089774166832564,1.9157423923759351,0.6018349371849424,2.4157721311278513,2.4102646237053005,-1.1601327275198596
0.0,0.0,0.0,1.9999999999999998,0.0,0.0,1.268692864398084,0.6820482925847123,0.0,1.9384311118278061,1.4001563278306839,-0.18913362906933148,1.6245135550875311,1.9047538735212513,0.6151281967394479,2.4041148969516395,2.42322923352534,-1.1521875783365048
0.0,0.0,0.0,1.9999999999999998,0.0,0.0,1.268692864398084,0.6820482925847123,0.0,1.9384311118278061,1.4001563278306839,-0.18913362906933148,1.6245135550875311,1.9047538735212513,0.6151281967394479,2.35942108011622,2.4249749248405896,-1.1707276169869603
0.0,0.0,0.0,1.9999999999999998,0.0,0.0,1.268692864398084,0.6820482925847123,0.0,1.9384311118278061,1.4001563278306839,-0.18913362906933148,1.6984427147039276,1.8504859218923855,0.6708715022863679,2.3068697601215185,2.485969877316927,-1.1252289049298883
0.0,0.0,0.0,1.9999999999999998,0.0,0.0,1.268692864398084,0.6820482925847123,0.0,1.9384311118278061,1.4001563278306839,-0.18913362906933148,1.6984427147039276,1.8504859218923855,0.6708715022863679,2.3023761277637647,2.4862685207255195,-1.1266392541796073
0.0,0.0,0.0,1.9999999999999998,0.0,0.0,1.268692864398084,0.6820482925847123,0.0,1.9384311118278061,1.4001563278306839,-0.18913362906933148,1.7789444374852648,1.788000488368135,0.7186884393142009,2.2525898027833637,2.5476824252548433,-1.0697587706139222
0.0,0.0,0.0,1.9999999999999998,0.0,0.0,1.268692864398084,0.6820482925847123,0.0,1.9384311118278061,1.4001563278306839,-0.18913362906933148,1.7789444374852648,1.788000488368135,0.7186884393142009,2.1654101504513226,2.5541898819487554,-1.0878546866216832
0.0,0.0,0.0,1.9999999999999998,0.0,0.0,1.268692864398084,0.6820482925847123,0.0,1.9384311118278061,1.4001563278306839,-0.18913362906933148,1.7789444374852648,1.788000488368135,0.7186884393142009,2.0510698200548285,2.554940558340764,-1.1082627656258066
0.0,0.0,0.0,1.9999999999999998,0.0,0.0,1.268692864398084,0.6820482925847123,0.0,1.9239529920030451,1.3846325702711968,-0.2775058520444065,1.8201902384639548,1.832225140635828,0.6106913005812746,1.9770797074941684,2.4756067371614097,-1.2764880273469457
0.0,0.0,0.0,1.9999999999999998,0.0,0.0,1.268692864398084,0.6820482925847123,0.0,1.9239529920030451,1.3846325702711968,-0.2775058520444065,1.8201902384639548,1.832225140635828,0.6106913005812746,1.87475715553106,2.468204767448,-1.284711655478898
0.0,0.0,0.0,1.9999999999999998,0.0,0.0,1.268692864398084,0.6820482925847123,0.0,1.9239529920030451,1.3846325702711968,-0.2775058520444065,1.8201902384639548,1.832225140635828,0.6106913005812746,1.7577478057622025,2.451535696138963,-1.2899810484680516
0.0,0.0,0.0,1.9999999999999998,0.0,0.0,1.268692864398084,0.6820482925847123,0.0,1.9239529920030451,1.3846325702711968,-0.2775058520444065,1.8410938484495245,1.8166260804176457,0.6205564896228777,1.7464680538424937,2.471157245097983,-1.2669378583043387
0.0,0.0,0.0,1.9999999999999998,0.0,0.0,1.268692864398084,0.6820482925847123,0.0,1.9239529920030451,1.3846325702711968,-0.2775058520444065,1.8410938484495245,1.8166260804176457,0.6205564896228777,1.723649145945893,2.467059956430248,-1.2670723178467092
0.0,0.0,0.0,1.9999999999999998,0.0,0.0,1.268692864398084,0.6820482925847123,0.0,1.9239529920030451,1.3846325702711968,-0.2775058520444065,1.9481606114857686,1.7322748811603605,0.6598088308869026,1.6757533310930666,2.562165986401857,-1.139378493165292
0.0,0.0,0.0,1.9999999999999998,0.0,0.0,1.268692864398084,0.6820482925847123,0.0,1.932779574646824,1.3940966257355298,-0.2279824829414518,1.9240328924869063,1.7064046117652145,0.7219581559477761,1.7140412001475402,2.6032190791974092,-1.053324159672124
0.0,0.0,0.0,1.9999999999999998,0.0,0.0,1.268692864398084,0.6820482925847123,0.0,1.932779574646824,1.3940966257355298,-0.2279824829414518,1.9240328924869063,1.7064046117652145,0.7219581559477761,1.6548892762146572,2.592955786207026,-1.0504945878272836
0.0,0.0,0.0,1.9999999999999998,0.0,0.0,1.268692864398084,0.6820482925847123,0.0,1.932779574646824,1.3940966257355298,-0.2279824829414518,1.9240328924869063,1.7064046117652145,0.7219581559477761,1.5297665155979492,2.562986693065054,-1.0417938566806677
0.0,0.0,0.0,1.9999999999999998,0.0,0.0,1.268692864398084,0.6820482925847123,0.0,1.932779574646824,1.3940966257355298,-0.2279824829414518,1.9240328924869063,1.7064046117652145,0.7219581559477761,1.3714091084032478,2.507847481181779,-1.0251240631611007
0.0,0.0,0.0,1.9999999999999998,0.0,0.0,1.268692864398084,0.6820482925847123,0.0,1.9378252092419983,1.3995066657916488,-0.19368889436140058,1.906258567880068,1.6873465911575738,0.76346925585123,1.3953445853703348,2.533511624454877,-0.9752002466422752
0.0,0.0,0.0,1.9999999999999998,0.0,0.0,1.268692864398084,0.6820482925847123,0.0,1.9378252092419983,1.3995066657916488,-0.19368889436140058,1.906258567880068,1.6873465911575738,0.76346925585123,1.3820444176819233,2.5279143756514086,-0.9739556560235706
0.0,0.0,0.0,1.9999999999999998,0.0,0.0,1.268692864398084,0.6820482925847123,0.0,1.9378252092419983,1.3995066657916488,-0.19368889436140058,1.906258567880068,1.6873465911575738,0.76346925585123,1.267412364877701,2.4730244890822775,-0.9612294916470315
0.0,0.0,0.0,1.9999999999999998,0.0,0.0,1.268692864398084,0.6820482925847123,0.0,1.9459890666943833,1.4082601327732034,-0.11783979601584789,1.8639502116790294,1.6419826438802418,0.8509963170959565,1.3150857728310048,2.524140962495899,-0.8579637551893018
0.0,0.0,0.0,1.9999999999999998,0.0,0.0,1.268692864398084,0.6820482925847123,0.0,1.9459890666943833,1.4082601327732034,-0.11783979601584789,1.8639502116790294,1.6419826438802418,0.8509963170959565,1.1805322714908635,2.442447153027487,-0.8496495862668273
0.0,0.0,0.0,1.9999999999999998,0.0,0.0,1.268692864398084,0.6820482925847123,0.0,1.950728510987135,1.4133418688727726,-0.006089504222425324,1.794327735708285,1.5673318984282922,0.9695261313070919,1.2400682985991414,2.506282986828457,-0.7071274793017291
0.0,0.0,0.0,1.9999999999999998,0.0,0.0,1.268692864398084,0.6820482925847123,0.0,1.950728510987135,1.4133418688727726,-0.006089504222425324,1.794327735708285,1.5673318984282922,0.9695261313070919,1.2292887967314456,2.4988403098313823,-0.7076807959756495
0.0,0.0,0.0,1.9999999999999998,0.0,0.0,1.268692864398084,0.6820482925847123,0.0,1.9467095120521358,1.4090326100840682,0.10856899932281754,1.7140116071521443,1.4812151841785732,1.0784356711144845,1.2787613733638237,2.5518858913557683,-0.5538086337553144
0.0,0.0,0.0,1.9999999999999998,0.0,0.0,1.268692864398084,0.6820482925847123,0.0,1.9467095120521358,1.4090326100840682,0.10856899932281754,1.7539731946949226,1.442329600584012,1.0892544852943522,1.245789293596486,2.5717821074132683,-0.4811232264302756
0.0,0.0,0.0,1.9999999999999998,0.0,0.0,1.268692864398084,0.6820482925847123,0.0,1.9279311971811983,1.388898089099265,0.25645308685347523,1.6356907540205543,1.315504573937043,1.2099775570761337,1.284467769902483,2.6132540178693335,-0.27072794916088405
0.0,0.0,0.0,1.9999999999999998,0.0,0.0,1.268692864398084,0.6820482925847123,0.0,1.9279311971811983,1.388898089099265,0.25645308685347523,1.6745810189348713,1.2765824541154973,1.2172854787516387,1.2476732450492354,2.621828086615228,-0.1997762492039235
0.0,0.0,0.0,1.9999999999999998,0.0,0.0,1.268692864398084,0.6820482925847123,0.0,1.9176979821798184,1.377925811575781,0.3074846917424545,1.62974791839287,1.2285114205919414,1.253402288857562,1.2535634870286372,2.628143733229685,-0.12482652488110196
0.0,0.0,0.0,1.9999999999999998,0.0,0.0,1.268692864398084,0.6820482925847123,0.0,1.9176979821798184,1.377925811575781,0.3074846917424545,1.6537986689542579,1.204771344556042,1.2563654445402894,1.2308168356499027,2.6301369613585703,-0.08132630886616331
0.0,0.0,0.0,1.9999999999999998,0.0,0.0,1.268692864398084,0.6820482925847123,0.0,1.9176979821798184,1.377925811575781,0.3074846917424545,1.6537986689542579,1.204771344556042,1.2563654445402894,1.0718415223983033,2.503770554380694,-0.14859965554133753
0.0,0.0,0.0,1.9999999999999998,0.0,0.0,1.268692864398084,0.6820482925847123,0.0,1.9176979821798184,1.377925811575781,0.3074846917424545,1.6537986689542579,1.204771344556042,1.2563654445402894,1.013424042650769,2.4456693018271154,-0.175448997916253
0.0,0.0,0.0,1.9999999999999998,0.0,0.0,1.268692864398084,0.6820482925847123,0.0,1.9176979821798184,1.377925811575781,0.3074846917424545,1.6537986689542579,1.204771344556042,1.2563654445402894,0.9807624089913402,2.4097122253521865,-0.19109428428166764
0.0,0.0,0.0,1.9999999999999998,0.0,0.0,1.268692864398084,0.6820482925847123,0.0,1.9176979821798184,1.377925811575781,0.3074846917424545,1.6537986689542579,1.204771344556042,1.2563654445402894,0.8787237204198737,2.2766344291031197,-0.24375733448136128
0.0,0.0,0.0,1.9999999999999998,0.0,0.0,1.268692864398084,0.6820482925847123,0.0,1.9176979821798184,1.377925811575781,0.3074846917424545,1.610704449101735,1.247669330319701,1.2502403439339536,0.9207114338624742,2.2723333719654994,-0.32264656893649357
0.0,0.0,0.0,1.9999999999999998,0.0,0.0,1.268692864398084,0.6820482925847123,0.0,1.9176979821798184,1.377925811575781,0.3074846917424545,1.610704449101735,1.247669330319701,1.2502403439339536,0.8570353654164959,2.167419917797723,-0.35787711730166183
0.0,0.0,0.0,1.9999999999999998,0.0,0.0,1.268692864398084,0.6820482925847123,0.0,1.9024584327267482,1.3615856324718147,0.3695540665453515,1.553521981157425,1.1863570342643484,1.290172495177135,0.8719334172428002,2.1833939356577416,-0.3039901209949592
0.0,0.0,0.0,1.9999999999999998,0.0,0.0,1.268692864398084,0.6820482925847123,0.0,1.874637400305348,1.3317553114362186,0.45903377768876547,1.4652356992788527,1.0916945468488506,1.3392389108834877,0.8895694360542508,2.2023036617587297,-0.22125964639367734
0.0,0.0,0.0,1.9999999999999998,0.0,0.0,1.268692864398084,0.6820482925847123,0.0,1.874637400305348,1.3317553114362186,0.45903377768876547,1.372469752734438,1.196622832617474,1.313180642637293,1.0170417690948474,2.1968830095020415,-0.38185638556732526
0.0,0.0,0.0,1.9999999999999998,0.0,0.0,1.268692864398084,0.6820482925847123,0.0,1.874637400305348,1.3317553114362186,0.45903377768876547,1.372469752734438,1.196622832617474,1.313180642637293,0.9884215451308381,2.1408771631747157,-0.4075432554533776
0.0,0.0,0.0,1.9999999999999998,0.0,0.0,1.268692864398084,0.6820482925847123,0.0,1.874637400305348,1.3317553114362186,0.45903377768876547,1.3529264009919009,1.220702280951421,1.3048971576831385,1.018741461185371,2.136526669779636,-0.44140926297559774
0.0,0.0,0.0,1.9999999999999998,0.0,0.0,1.268692864398084,0.6820482925847123,0.0,1.8589175426916233,1.3149001353899636,0.5011320925577264,1.3098688219317045,1.1745350004951702,1.325051464303446,1.0324850235682779,2.151262818742228,-0.39804487585511156
0.0,0.0,0.0,1.9999999999999998,0.0,0.0,1.268692864398084,0.6820482925847123,0.0,1.8589175426916233,1.3149001353899636,0.5011320925577264,1.2904373824064956,1.2000094232434029,1.3157672450184152,1.065768924528944,2.1467656949395963,-0.4315669090685588
0.0,0.0,0.0,1.9999999999999998,0.0,0.0,1.268692864398084,0.6820482925847123,0.0,1.8341476560064756,1.2883413197198113,0.5591687078999225,1.2284044704359522,1.133496374740185,1.3396161668291762,1.084418179294944,2.166761834849792,-0.3667338666949931
0.0,0.0,0.0,1.9999999999999998,0.0,0.0,1.268692864398084,0.6820482925847123,0.0,1.8341476560064756,1.2883413197198113,0.5591687078999225,1.2284044704359522,1.133496374740185,1.3396161668291762,1.0581962953743114,2.1075818808216398,-0.39882756363327865
0.0,0.0,0.0,1.9999999999999998,0.0,0.0,1.268692864398084,0.6820482925847123,0.0,1.8341476560064756,1.2883413197198113,0.5591687078999225,1.1862840215936905,1.1952803930528448,1.3152192188668423,1.1414139509640873,2.095678034883233,-0.4700736880108958
0.0,0.0,0.0,1.9999999999999998,0.0,0.0,1.268692864398084,0.6820482925847123,0.0,1.8341476560064756,1.2883413197198113,0.5591687078999225,1.1862840215936905,1.1952803930528448,1.3152192188668423,1.1071826671329976,2.008916667313782,-0.5100859580636509
0.0,0.0,0.0,1.9999999999999998,0.0,0.0,1.268692864398084,0.6820482925847123,0.0,1.80696637682884,1.2591969561410052,0.6141343875493714,1.124914657249719,1.1294788148654382,1.3338417278226062,1.129437044188974,2.032778298398197,-0.450543205723353
0.0,0.0,0.0,1.9999999999999998,0.0,0.0,1.268692864398084,0.6820482925847123,0.0,1.80696637682884,1.2591969561410052,0.6141343875493714,1.1644458938395268,1.0686714730668068,1.3563388534740388,1.0478247818009336,2.0415089389575667,-0.38721693318325096
0.0,0.0,0.0,1.9999999999999998,0.0,0.0,1.268692864398084,0.6820482925847123,0.0,1.80696637682884,1.2591969561410052,0.6141343875493714,1.1644458938395268,1.0686714730668068,1.3563388534740388,1.0381162918656754,2.010173396044346,-0.40366539671819224
0.0,0.0,0.0,1.9999999999999998,0.0,0.0,1.268692864398084,0.6820482925847123,0.0,1.80696637682884,1.2591969561410052,0.6141343875493714,1.1644458938395268,1.0686714730668068,1.3563388534740388,1.0241234077102932,1.95956957482346,-0.428769034630458
0.0,0.0,0.0,1.9999999999999998,0.0,0.0,1.268692864398084,0.6820482925847123,0.0,1.7619356177799783,1.2109139888320406,0.6906610323227137,1.0703284752337345,0.9677567129843311,1.3707743313996679,1.0509694000764465,1.9883544365306594,-0.3491109882949627
0.0,0.0,0.0,1.9999999999999998,0.0,0.0,1.268692864398084,0.6820482925847123,0.0,1.7619356177799783,1.2109139888320406,0.6906610323227137,1.0867586120863266,0.9430463682323544,1.377962239084942,1.0179695872949375,1.9884961871047686,-0.3256523729350067
0.0,0.0,0.0,1.9999999999999998,0.0,0.0,1.268692864398084,0.6820482925847123,0.0,1.7619356177799783,1.2109139888320406,0.6906610323227137,1.0992459098276433,0.9250295152845672,1.3828405023725925,0.9939455090596736,1.98793082033739,-0.30806240474984364
0.0,0.0,0.0,1.9999999999999998,0.0,0.0,1.268692864398084,0.6820482925847123,0.0,1.7619356177799783,1.2109139888320406,0.6906610323227137,1.0992459098276433,0.9250295152845672,1.3828405023725925,0.9909670972458332,1.9734356786430385,-0.3169007177482347
0.0,0.0,0.0,1.9999999999999998,0.0,0.0,1.268692864398084,0.6820482925847123,0.0,1.7619356177799783,1.2109139888320406,0.6906610323227137,1.0933921779697848,0.9333974313923634,1.3806133708458774,1.0020651197153627,1.9737456916178822,-0.3250638746716687
0.0,0.0,0.0,1.9999999999999998,0.0,0.0,1.268692864398084,0.6820482925847123,0.0,1.7619356177799783,1.2109139888320406,0.6906610323227137,1.0933921779697848,0.9333974313923634,1.3806133708458774,0.998053928947787,1.9531701736389948,-0.3372266020398972
0.0,0.0,0.0,1.9999999999999998,0.0,0.0,1.268692864398084,0.6820482925847123,0.0,1.7619356177799783,1.2109139888320406,0.6906610323227137,1.0933921779697848,0.9333974313923634,1.3806133708458774,0.9818657383223081,1.8416399508376293,-0.3977728018205845
0.0,0.0,0.0,1.9999999999999998,0.0,0.0,1.268692864398084,0.6820482925847123,0.0,1.7012027538956807,1.1457948803949936,0.7732233168891753,0.9789350677891593,0.8106740079845262,1.3782219867068672,1.0114686658944025,1.873380858928079,-0.3157661224461922
0.0,0.0,0.0,1.9999999999999998,0.0,0.0,1.268692864398084,0.6820482925847123,0.0,1.7012027538956807,1.1457948803949936,0.7732233168891753,0.9789350677891593,0.8106740079845262,1.3782219867068672,1.0103972716276304,1.7033195744414895,-0.4112455381212161
0.0,0.0,0.0,1.9999999999999998,0.0,0.0,1.268692864398084,0.6820482925847123,0.0,1.644736006155537,1.085249995237215,0.8342780966292398,0.8827392592369592,0.7075307526255483,1.3602905788446065,1.037153064272537,1.7320077220296242,-0.35044122829965424
0.0,0.0,0.0,1.9999999999999998,0.0,0.0,1.268692864398084,0.6820482925847123,0.0,1.644736006155537,1.085249995237215,0.8342780966292398,0.8827392592369592,0.7075307526255483,1.3602905788446065,1.0419159296665343,1.6849883183727778,-0.37730531628016295
0.0,0.0,0.0,1.9999999999999998,0.0,0.0,1.268692864398084,0.6820482925847123,0.0,1.644736006155537,1.085249995237215,0.8342780966292398,0.9407209793499398,0.6241774146038034,1.3744400329223836,0.9418737579461649,1.674883180286981,-0.32732847808656984
0.0,0.0,0.0,1.9999999999999998,0.0,0.0,1.268692864398084,0.6820482925847123,0.0,1.644736006155537,1.085249995237215,0.8342780966292398,0.9582954533826571,0.601688444446274,1.3773872883260119,0.9144582574195372,1.670184037007346,-0.31270012625574545
0.0,0.0,0.0,1.9999999999999998,0.0,0.0,1.268692864398084,0.6820482925847123,0.0,1.644736006155537,1.085249995237215,0.8342780966292398,0.9582954533826571,0.601688444446274,1.3773872883260119,0.9164899936615478,1.6601971229837873,-0.3190241243325649
0.0,0.0,0.0,1.9999999999999998,0.0,0.0,1.268692864398084,0.6820482925847123,0.0,1.644736006155537,1.085249995237215,0.8342780966292398,1.0627974645841092,0.4873673215529789,1.3855346996209015,0.7746277434802249,1.6215254025729706,-0.23639121086205064
0.0,0.0,0.0,1.9999999999999998,0.0,0.0,1.268692864398084,0.6820482925847123,0.0,1.644736006155537,1.085249995237215,0.8342780966292398,1.0627974645841092,0.4873673215529789,1.3855346996209015,0.816910187130641,1.5041174497310614,-0.3190938885578749
0.0,0.0,0.0,1.9999999999999998,0.0,0.0,1.268692864398084,0.6820482925847123,0.0,1.619474926868918,1.058164512088651,0.8576062815037989,1.0216279548843583,0.4432244704675177,1.3718316633159864,0.8262427635387044,1.5141240428051423,-0.305964132652614
0.0,0.0,0.0,1.9999999999999998,0.0,0.0,1.268692864398084,0.6820482925847123,0.0,1.591795876086585,1.0284864268799063,0.8806730738156389,0.9782187278229761,0.39668014531328427,1.3543226338298473,0.8357534117555738,1.5243215683774718,-0.2913165899089355
0.0,0.0,0.0,1.9999999999999998,0.0,0.0,1.268692864398084,0.6820482925847123,0.0,1.591795876086585,1.0284864268799063,0.8806730738156389,1.0529978067554278,0.3307868419453672,1.3528085730816723,0.7538411893302153,1.491369131937148,-0.248301687458848
0.0,0.0,0.0,1.9999999999999998,0.0,0.0,1.268692864398084,0.6820482925847123,0.0,1.5829353617760433,1.0189859891383997,0.8875385295764678,1.0394704270514525,0.3162824887916864,1.3467265687557024,0.7563118134119484,1.4940181892546502,-0.24473810863326187
0.0,0.0,0.0,1.9999999999999998,0.0,0.0,1.268692864398084,0.6820482925847123,0.0,1.5829353617760433,1.0189859891383997,0.8875385295764678,1.0140556706331314,0.3373647086455489,1.3477214573176315,0.7831013736192463,1.506036749378385,-0.25878586414099325
0.0,0.0,0.0,1.9999999999999998,0.0,0.0,1.268692864398084,0.6820482925847123,0.0,1.5829353617760433,1.0189859891383997,0.8875385295764678,1.0140556706331314,0.3373647086455489,1.3477214573176315,0.8496951046402947,1.3940137902024905,-0.34239046879595614
0.0,0.0,0.0,1.9999999999999998,0.0,0.0,1.268692864398084,0.6820482925847123,0.0,1.5829353617760433,1.0189859891383997,0.8875385295764678,1.058101446011513,0.30160498693242205,1.3457021013903065,0.8078660772785156,1.3777628913286897,-0.3214110996372929
0.0,0.0,0.0,1.9999999999999998,0.0,0.0,1.268692864398084,0.6820482925847123,0.0,1.5829353617760433,1.0189859891383997,0.8875385295764678,1.0658240500231333,0.2957052921590016,1.3452075416738332,0.8008227121275748,1.3747297578592104,-0.3177658475702455
0.0,0.0,0.0,1.9999999999999998,0.0,0.0,1.268692864398084,0.6820482925847123,0.0,1.5829353617760433,1.0189859891383997,0.8875385295764678,1.0658240500231333,0.2957052921590016,1.3452075416738332,0.8146806438524826,1.355793355406413,-0.33203432749630857
0.0,0.0,0.0,1.9999999999999998,0.0,0.0,1.268692864398084,0.6820482925847123,0.0,1.5829353617760433,1.0189859891383997,0.8875385295764678,1.0658240500231333,0.2957052921590016,1.3452075416738332,0.9401485713862995,1.2020843565947283,-0.4331857403709495
0.0,0.0,0.0,1.9999999999999998,0.0,0.0,1.268692864398084,0.6820482925847123,0.0,1.5162254426510602,0.9474581510044633,0.9318182385835996,0.9691141069867899,0.19201077053193,1.2923296000201614,0.9712099436512778,1.235389041066385,-0.4139404231722991
0.0,0.0,0.0,1.9999999999999998,0.0,0.0,1.268692864398084,0.6820482925847123,0.0,1.5162254426510602,0.9474581510044633,0.9318182385835996,0.9691141069867899,0.19201077053193,1.2923296000201614,1.0194324780904225,1.1871853166268773,-0.4417683454068513
0.0,0.0,0.0,1.9999999999999998,0.0,0.0,1.268692864398084,0.6820482925847123,0.0,1.5162254426510602,0.9474581510044633,0.9318182385835996,1.0472927914153698,0.138678869237697,1.2867523761216753,0.9644997726407682,1.1728715060491546,-0.4230987595059696
0.0,0.0,0.0,1.9999999999999998,0.0,0.0,1.268692864398084,0.6820482925847123,0.0,1.5162254426510602,0.9474581510044633,0.9318182385835996,1.1214432370837464,0.09679773368682043,1.2789837100469614,0.9166361243030077,1.155478366721574,-0.40542994573701624
0.0,0.0,0.0,1.9999999999999998,0.0,0.0,1.268692864398084,0.6820482925847123,0.0,1.4917358877634208,0.921199913234854,0.9450176252686829,1.0883419966524595,0.06130585783600855,1.257836394053554,0.9271596593250784,1.1667619317375235,-0.4010750329997182
0.0,0.0,0.0,1.9999999999999998,0.0,0.0,1.268692864398084,0.6820482925847123,0.0,1.4917358877634208,0.921199913234854,0.9450176252686829,1.1663609229259304,0.025622787371682776,1.2484525340838373,0.8803838300325522,1.14453894553182,-0.3844111262835569
0.0,0.0,0.0,1.9999999999999998,0.0,0.0,1.268692864398084,0.6820482925847123,0.0,1.4917358877634208,0.921199913234854,0.9450176252686829,1.1663609229259304,0.025622787371682776,1.2484525340838373,1.0558122116900104,1.0540786579561077,-0.4632885399996539
0.0,0.0,0.0,1.9999999999999998,0.0,0.0,1.268692864398084,0.6820482925847123,0.0,1.4076071846930507,0.8309952729869566,0.9790391251865479,1.060701397966982,-0.08766767224366853,1.1680226382138963,1.095452277601601,1.0965816058735027,-0.44329546310674983
0.0,0.0,0.0,1.9999999999999998,0.0,0.0,1.268692864398084,0.6820482925847123,0.0,1.4076071846930507,0.8309952729869566,0.9790391251865479,1.0905900500302843,-0.09891604768245965,1.165493065936184,1.0803983359258307,1.0928783089555711,-0.4405960786785688
0.0,0.0,0.0,1.9999999999999998,0.0,0.0,1.268692864398084,0.6820482925847123,0.0,1.4076071846930507,0.8309952729869566,0.9790391251865479,1.2146194709213793,-0.13460325326139666,1.1533240311313513,1.0209969315822285,1.0730004138535618,-0.42914356582928054
0.0,0.0,0.0,1.9999999999999998,0.0,0.0,1.268692864398084,0.6820482925847123,0.0,1.4076071846930507,0.8309952729869566,0.9790391251865479,1.2146194709213793,-0.13460325326139666,1.1533240311313513,1.1004976151753185,1.0530153139176992,-0.45183588019603393
0.0,0.0,0.0,1.9999999999999998,0.0,0.0,1.268692864398084,0.6820482925847123,0.0,1.3299884672514504,0.7477707820844139,0.9959535147007637,1.127128885521414,-0.22841257746410576,1.072856301652067,1.1351882775517819,1.0902114028317602,-0.4308610404002152
0.0,0.0,0.0,1.9999999999999998,0.0,0.0,1.268692864398084,0.6820482925847123,0.0,1.3299884672514504,0.7477707820844139,0.9959535147007637,1.127128885521414,-0.22841257746410576,1.072856301652067,1.2412255867734316,1.0669274888377163,-0.4467081278462648
0.0,0.0,0.0,1.9999999999999998,0.0,0.0,1.268692864398084,0.6820482925847123,0.0,1.310194651406004,0.7265474186863343,0.9981469979173114,1.1060548711406053,-0.25100859780462825,1.0502160360831243,1.250016033708532,1.0763527988028028,-0.4388732515247251
0.0,0.0,0.0,1.9999999999999998,0.0,0.0,1.268692864398084,0.6820482925847123,0.0,1.2200662252748975,0.6299097438078183,0.9974552730318403,1.0163301614266445,-0.34721339908778714,0.9364472415488283,1.2878437498505062,1.1169125055551126,-0.39869908251262076
0.0,0.0,0.0,1.9999999999999998,0.0,0.0,1.268692864398084,0.6820482925847123,0.0,1.2126559311627572,0.6219642639641838,0.9966191708061346,1.0094078477269761,-0.35463565563249283,0.9263140243128388,1.2907935120385172,1.1200753052569432,-0.39506771074804087
0.0,0.0,0.0,1.9999999999999998,0.0,0.0,1.268692864398084,0.6820482925847123,0.0,1.2126559311627572,0.6219642639641838,0.9966191708061346,1.0094078477269761,-0.35463565563249283,0.9263140243128388,1.3886546849941368,1.0995824699530132,-0.393315271982687
0.0,0.0,0.0,1.9999999999999998,0.0,0.0,1.268692864398084,0.6820482925847123,0.0,1.2126559311627572,0.6219642639641838,0.9966191708061346,1.0094078477269761,-0.35463565563249283,0.9263140243128388,1.4339399728381155,1.0899280224773427,-0.39012368960848265
0.0,0.0,0.0,1.9999999999999998,0.0,0.0,1.268692864398084,0.6820482925847123,0.0,1.145027989255329,0.5494521016720519,0.983425263460005,0.9494803617577554,-0.4188912202082691,0.8282726406982468,1.4591201033973187,1.1169267106252878,-0.347112665093723
0.0,0.0,0.0,1.9999999999999998,0.0,0.0,1.268692864398084,0.6820482925847123,0.0,1.145027989255329,0.5494521016720519,0.983425263460005,0.9494803617577554,-0.4188912202082691,0.8282726406982468,1.582938105432824,1.0881975551063972,-0.323862208309725
0.0,0.0,0.0,1.9999999999999998,0.0,0.0,1.268692864398084,0.6820482925847123,0.0,1.145027989255329,0.5494521016720519,0.983425263460005,0.9494803617577554,-0.4188912202082691,0.8282726406982468,1.536438966122537,1.099209923931293,-0.33398744763150867
0.0,0.0,0.0,1.9999999999999998,0.0,0.0,1.268692864398084,0.6820482925847123,0.0,1.145027989255329,0.5494521016720519,0.983425263460005,1.0804568001354977,-0.4384047019551848,0.8421117925415277,1.4859054675195729,1.125495328184161,-0.33679790452887187
0.0,0.0,0.0,1.9999999999999998,0.0,0.0,1.268692864398084,0.6820482925847123,0.0,1.1424583618107438,0.546696890777905,0.9827231799369848,1.0782603852356605,-0.44075974617486335,0.8384733621152938,1.4867834436459564,1.1264367134395645,-0.3349848466501873
0.0,0.0,0.0,1.9999999999999998,0.0,0.0,1.268692864398084,0.6820482925847123,0.0,1.1424583618107438,0.546696890777905,0.9827231799369848,1.1244806724665881,-0.44347621389073033,0.8440363908158941,1.4683577070541136,1.1340352560835711,-0.33630514754611684
0.0,0.0,0.0,1.9999999999999998,0.0,0.0,1.268692864398084,0.6820482925847123,0.0,1.1424583618107438,0.546696890777905,0.9827231799369848,1.1244806724665881,-0.44347621389073033,0.8440363908158941,1.504826716653767,1.1321535964858715,-0.32759818844666244
0.0,0.0,0.0,1.9999999999999998,0.0,0.0,1.268692864398084,0.6820482925847123,0.0,1.1424583618107438,0.546696890777905,0.9827231799369848,1.1635396591790677,-0.4440933538556352,0.8489686658439088,1.489016708297925,1.1393551601666612,-0.32863716546699795
0.0,0.0,0.0,1.9999999999999998,0.0,0.0,1.268692864398084,0.6820482925847123,0.0,1.1424583618107438,0.546696890777905,0.9827231799369848,1.1736084055871203,-0.44400336809203667,0.8502744281582023,1.4848967039506933,1.1411116244396182,-0.328924476078599
0.0,0.0,0.0,1.9999999999999998,0.0,0.0,1.268692864398084,0.6820482925847123,0.0,1.1407968981268093,0.5449154329825924,0.9822612690261601,1.1721723960717592,-0.4455430889839344,0.8480692633306394,1.4854519246543263,1.1417069442532077,-0.32772547596689866
0.0,0.0,0.0,1.9999999999999998,0.0,0.0,1.268692864398084,0.6820482925847123,0.0,1.060064619314498,0.4583525133026584,0.9520685131253622,1.1061769042004557,-0.5163049025501609,0.7331699546429049,1.5102431474398037,1.1682886369580021,-0.2662674259476899
0.0,0.0,0.0,1.9999999999999998,0.0,0.0,1.268692864398084,0.6820482925847123,0.0,1.060064619314498,0.4583525133026584,0.9520685131253622,1.1223427230963845,-0.5162005826766914,0.7367369062804915,1.5035442665370617,1.1711221031312922,-0.2670696175258489
0.0,0.0,0.0,1.9999999999999998,0.0,0.0,1.268692864398084,0.6820482925847123,0.0,0.9826351945442664,0.37533098615326066,0.9077970607207536,1.0661696486207584,-0.5764305849204417,0.6125481711217285,1.5230767781360735,1.1920652903863358,-0.2021040332090399
0.0,0.0,0.0,1.9999999999999998,0.0,0.0,1.268692864398084,0.6820482925847123,0.0,0.9826351945442664,0.37533098615326066,0.9077970607207536,1.0661696486207584,-0.5764305849204417,0.6125481711217285,1.477695098236802,1.19412546041472,-0.22158496851811094
0.0,0.0,0.0,1.9999999999999998,0.0,0.0,1.268692864398084,0.6820482925847123,0.0,0.9826351945442664,0.37533098615326066,0.9077970607207536,1.087831662655693,-0.5763809405301225,0.619390903183364,1.4686562134173242,1.1968964329193028,-0.22349700060307662
0.0,0.0,0.0,1.9999999999999998,0.0,0.0,1.268692864398084,0.6820482925847123,0.0,0.9552007559503757,0.34591517949694106,0.8881087930129588,1.0696311989651484,-0.5958958768079018,0.5720429645319345,1.475130321188305,1.2038381132387883,-0.2003093041556514
0.0,0.0,0.0,1.9999999999999998,0.0,0.0,1.268692864398084,0.6820482925847123,0.0,0.9552007559503757,0.34591517949694106,0.8881087930129588,1.0860794281782633,-0.5957077827707341,0.577920188957119,1.4682005442374284,1.2058854850597067,-0.20198054188605796
0.0,0.0,0.0,1.9999999999999998,0.0,0.0,1.268692864398084,0.6820482925847123,0.0,0.9292082264547976,0.31804541939472875,0.8673246732971183,1.0696535757227283,-0.6133199419677825,0.5314174427660019,1.4738455278765459,1.2119381603035644,-0.17925950628108592
0.0,0.0,0.0,1.9999999999999998,0.0,0.0,1.268692864398084,0.6820482925847123,0.0,0.9292082264547976,0.31804541939472875,0.8673246732971183,1.137715456783226,-0.6102224367453247,0.5593579183414683,1.4446553043497183,1.2195296460347205,-0.18749899267826223
0.0,0.0,0.0,1.9999999999999998,0.0,0.0,1.268692864398084,0.6820482925847123,0.0,0.9292082264547976,0.31804541939472875,0.8673246732971183,1.1652541506967344,-0.607502520576524,0.571278507195045,1.4326514520134648,1.22203498862994,-0.1911460370420387
0.0,0.0,0.0,1.9999999999999998,0.0,0.0,1.268692864398084,0.6820482925847123,0.0,0.9292082264547976,0.31804541939472875,0.8673246732971183,1.1731693774022374,-0.6065603980313728,0.5747720469028113,1.4291801651689753,1.222693164313377,-0.19222852754031416
0.0,0.0,0.0,1.9999999999999998,0.0,0.0,1.268692864398084,0.6820482925847123,0.0,0.9292082264547976,0.31804541939472875,0.8673246732971183,1.2764418894045255,-0.5874089458580948,0.6232321175746689,1.3829859615228126,1.2286322112270356,-0.2078171447854764
0.0,0.0,0.0,1.9999999999999998,0.0,0.0,1.268692864398084,0.6820482925847123,0.0,0.9292082264547976,0.31804541939472875,0.8673246732971183,1.4067380974545851,-0.5430703900641111,0.692840333017054,1.3220472872928515,1.228335473571843,-0.23179404496718253
0.0,0.0,0.0,1.9999999999999998,0.0,0.0,1.268692864398084,0.6820482925847123,0.0,0.9292082264547976,0.31804541939472875,0.8673246732971183,1.3468155483176922,-0.5665073637376045,0.6595495578974637,1.3504737410588727,1.2296479719735012,-0.22011664448977142
0.0,0.0,0.0,1.9999999999999998,0.0,0.0,1.268692864398084,0.6820482925847123,0.0,0.8657186700797861,0.2499705248190206,0.8067965055180496,1.3005590037410404,-0.616104645169098,0.5601638147582557,1.3651995097450509,1.2454372640727667,-0.1681790475804132
0.0,0.0,0.0,1.9999999999999998,0.0,0.0,1.268692864398084,0.6820482925847123,0.0,0.8657186700797861,0.2499705248190206,0.8067965055180496,1.3285667417650813,-0.6067420855453659,0.5791670571159634,1.351835614743012,1.2455554965671398,-0.1747906518110607
0.0,0.0,0.0,1.9999999999999998,0.0,0.0,1.268692864398084,0.6820482925847123,0.0,0.8264313455396857,0.20784579393522443,0.7612731042218985,1.301241757872917,-0.6360405324703173,0.5114512868285788,1.3597206471172845,1.2540100011857283,-0.13992356664615266
0.0,0.0,0.0,1.9999999999999998,0.0,0.0,1.268692864398084,0.6820482925847123,0.0,0.7860990268185675,0.16460059737539104,0.7066477698633434,1.2752635260389684,-0.6638949623062043,0.4340432939457073,1.3663355624777367,1.2611026584903435,-0.10083056418021633
0.0,0.0,0.0,1.9999999999999998,0.0,0.0,1.268692864398084,0.6820482925847123,0.0,0.7860990268185675,0.16460059737539104,0.7066477698633434,1.2752635260389684,-0.6638949623062043,0.4340432939457073,1.3156704103924843,1.247955061483471,-0.15178669012155177
0.0,0.0,0.0,1.9999999999999998,0.0,0.0,1.268692864398084,0.6820482925847123,0.0,0.7860990268185675,0.16460059737539104,0.7066477698633434,1.3040011229884554,-0.6546435233790152,0.4604436078510604,1.30291133460424,1.2460698049550025,-0.1618807897541459
0.0,0.0,0.0,1.9999999999999998,0.0,0.0,1.268692864398084,0.6820482925847123,0.0,0.7860990268185675,0.16460059737539104,0.7066477698633434,1.3518854573494117,-0.6354634023106528,0.507190226928685,1.2814217516732278,1.2414803867639295,-0.17991739116088043
0.0,0.0,0.0,1.9999999999999998,0.0,0.0,1.268692864398084,0.6820482925847123,0.0,0.7177991794848679,0.09136800335133663,0.5895870960544459,1.3060922137522135,-0.6845639222724827,0.3619010125310419,1.2968881137341484,1.2580637593196922,-0.11361236820041014
0.0,0.0,0.0,1.9999999999999998,0.0,0.0,1.268692864398084,0.6820482925847123,0.0,0.694225623391731,0.06609191957566768,0.5390594916705315,1.292233318720057,-0.6994237334306715,0.3016303836606312,1.3010666713869357,1.2625441004644913,-0.0864471738473633
0.0,0.0,0.0,1.9999999999999998,0.0,0.0,1.268692864398084,0.6820482925847123,0.0,0.647127371292433,0.015592140881013745,0.4116947116937816,1.2696227834572689,-0.7236672451544427,0.15479974873770164,1.306389674658604,1.2682515412978248,-0.02100623492013784
0.0,0.0,0.0,1.9999999999999998,0.0,0.0,1.268692864398084,0.6820482925847123,0.0,0.647127371292433,0.015592140881013745,0.4116947116937816,1.3353016714554125,-0.7000453345522847,0.2921993714053701,1.2741313861817625,1.2650145202980005,-0.07494904961166428
0.0,0.0,0.0,1.9999999999999998,0.0,0.0,1.268692864398084,0.6820482925847123,0.0,0.647127371292433,0.015592140881013745,0.4116947116937816,1.3353016714554125,-0.7000453345522847,0.2921993714053701,1.222130113916498,1.2355910743796816,-0.1982125890739428
0.0,0.0,0.0,1.9999999999999998,0.0,0.0,1.268692864398084,0.6820482925847123,0.0,0.647127371292433,0.015592140881013745,0.4116947116937816,1.3544667217178001,-0.687742977724593,0.341049440968478,1.217417316432075,1.2275244096667923,-0.21838625266019307
0.0,0.0,0.0,1.9999999999999998,0.0,0.0,1.268692864398084,0.6820482925847123,0.0,0.6269347560860286,-0.006058823936955136,0.33860762928198884,1.3381383730581577,-0.7052505912135739,0.2656673264422402,1.2283819885189315,1.2392809715170774,-0.18903096649182857
0.0,0.0,0.0,1.9999999999999998,0.0,0.0,1.268692864398084,0.6820482925847123,0.0,0.6135508033290651,-0.02040939157291279,0.2781044440244427,1.3279533499485154,-0.716171196333961,0.20364296123442674,1.2360541321941068,1.2475072122041648,-0.1644896801019391
0.0,0.0,0.0,1.9999999999999998,0.0,0.0,1.268692864398084,0.6820482925847123,0.0,0.6135508033290651,-0.02040939157291279,0.2781044440244427,1.3357404622836573,-0.7107952340601783,0.23556640231831139,1.2348367388416586,1.2434680798867639,-0.17755989599328512
0.0,0.0,0.0,1.9999999999999998,0.0,0.0,1.268692864398084,0.6820482925847123,0.0,0.5939669909021614,-0.04140758470057206,0.14613893819425486,1.3201426075880724,-0.7275195959022631,0.10232932948108181,1.2487447968752892,1.258380604693204,-0.12372983512033665
0.0,0.0,0.0,1.9999999999999998,0.0,0.0,1.268692864398084,0.6820482925847123,0.0,0.5939669909021614,-0.04140758470057206,0.14613893819425486,1.3201426075880724,-0.7275195959022631,0.10232932948108181,1.2494587162284605,1.258872288872849,-0.11959648605606152
0.0,0.0,0.0,1.9999999999999998,0.0,0.0,1.268692864398084,0.6820482925847123,0.0,0.5939669909021614,-0.04140758470057206,0.14613893819425486,1.3260313407849642,-0.7225991295025543,0.15387630990253642,1.24998731124682,1.2541529430819796,-0.14051891611911152
0.0,0.0,0.0,1.9999999999999998,0.0,0.0,1.268692864398084,0.6820482925847123,0.0,0.5939669909021614,-0.04140758470057206,0.14613893819425486,1.331967031876748,-0.7000184990230397,0.29306614145091925,1.2555495834051271,1.2377616151609385,-0.19598252958520648
0.0,0.0,0.0,1.9999999999999998,0.0,0.0,1.268692864398084,0.6820482925847123,0.0,0.5939669909021614,-0.04140758470057206,0.14613893819425486,1.331967031876748,-0.7000184990230397,0.29306614145091925,1.2528676607247506,1.2208663603654364,-0.25824560924505313
0.0,0.0,0.0,1.9999999999999998,0.0,0.0,1.268692864398084,0.6820482925847123,0.0,0.5939669909021614,-0.04140758470057206,0.14613893819425486,1.3263295159715585,-0.6730891271727691,0.40035058382426103,1.266642843872409,1.199886487042351,-0.29850551705002254
0.0,0.0,0.0,1.9999999999999998,0.0,0.0,1.268692864398084,0.6820482925847123,0.0,0.5939669909021614,-0.04140758470057206,0.14613893819425486,1.3064282124364504,-0.6281257685378655,0.5310555272944522,1.288947379237302,1.16967839833201,-0.3450692344010274
0.0,0.0,0.0,1.9999999999999998,0.0,0.0,1.268692864398084,0.6820482925847123,0.0,0.5939669909021614,-0.04140758470057206,0.14613893819425486,1.3064282124364504,-0.6281257685378655,0.5310555272944522,1.2967504291238972,1.1368874787158438,-0.4094946189120411
0.0,0.0,0.0,1.9999999999999998,0.0,0.0,1.268692864398084,0.6820482925847123,0.0,0.5939669909021614,-0.04140758470057206,0.14613893819425486,1.2941489873655678,-0.6062030749862216,0.582889697760285,1.3103911506284653,1.1209494107888425,-0.42541605101512603
0.0,0.0,0.0,1.9999999999999998,0.0,0.0,1.268692864398084,0.6820482925847123,0.0,0.5869907338007339,-0.04888768054354188,0.031856056348607956,1.2527601101548025,-0.6505811367273918,0.47312255439105044,1.3420597958023843,1.1549052265900464,-0.3825903402283998
